{
    "loss": 2.1542773246765137,
    "accuracy": 0.8879310488700867
}